product_id,actual_quantity,predicted_quantity,actual_revenue,predicted_revenue,quantity_error,revenue_error
1111,23,-1809.553491371652,460.0,-34926.05386222415,1832.553491371652,35386.05386222415
44444,230,11226.803755787023,4600.0,224589.8633271357,-10996.803755787023,-219989.8633271357
33333,1221,11338.096955071072,24420.0,226868.85506454794,-10117.096955071072,-202448.85506454794
1111,44,-233.77385900575473,880.0,-3527.9134297601413,277.77385900575473,4407.913429760141
