days_since_start,product_id,actual_sales,predicted_sales,error
0,1111,23,-1809.553491371652,1832.553491371652
31,44444,230,11226.803755787023,-10996.803755787023
91,33333,1221,11338.096955071072,-10117.096955071072
31,1111,44,-233.77385900575473,277.77385900575473
